{
	"partitions" : [
		{
			"name" : "Top",
			"pins" : [
				{
					"name" : "beep",
					"strict" : false
				},
				{
					"name" : "led[0]",
					"strict" : false
				},
				{
					"name" : "led[1]",
					"strict" : false
				},
				{
					"name" : "led[2]",
					"strict" : false
				},
				{
					"name" : "led[3]",
					"strict" : false
				},
				{
					"name" : "sel[0]",
					"strict" : false
				},
				{
					"name" : "sel[1]",
					"strict" : false
				},
				{
					"name" : "sel[2]",
					"strict" : false
				},
				{
					"name" : "sel[3]",
					"strict" : false
				},
				{
					"name" : "sel[4]",
					"strict" : false
				},
				{
					"name" : "sel[5]",
					"strict" : false
				},
				{
					"name" : "dig[0]",
					"strict" : false
				},
				{
					"name" : "dig[1]",
					"strict" : false
				},
				{
					"name" : "dig[2]",
					"strict" : false
				},
				{
					"name" : "dig[3]",
					"strict" : false
				},
				{
					"name" : "dig[4]",
					"strict" : false
				},
				{
					"name" : "dig[5]",
					"strict" : false
				},
				{
					"name" : "dig[6]",
					"strict" : false
				},
				{
					"name" : "dig[7]",
					"strict" : false
				},
				{
					"name" : "scl",
					"strict" : false
				},
				{
					"name" : "sda",
					"strict" : false
				},
				{
					"name" : "sys_rst_n",
					"strict" : false
				},
				{
					"name" : "sys_clk",
					"strict" : false
				},
				{
					"name" : "key[0]",
					"strict" : false
				},
				{
					"name" : "key[2]",
					"strict" : false
				},
				{
					"name" : "key[1]",
					"strict" : false
				}
			]
		}
	]
}